{
    "$schema": "https://schema.management.azure.com/schemas/2015-01-01/deploymentParameters.json#",
    "contentVersion": "1.0.0.0",
    "parameters": {
        "rdshImageSource": {
            "value": "Gallery"
        },
        "vmImageVhdUri": {
            "value": ""
        },
        "rdshGalleryImageSKU": {
            "value": "Windows-10-Enterprise-multi-session-with-Office-365-ProPlus"
        },
        "rdshCustomImageSourceName": {
            "value": ""
        },
        "rdshCustomImageSourceResourceGroup": {
            "value": ""
        },
        "rdshNamePrefix": {
            "value": "SophieWVD1"
        },
        "rdshNumberOfInstances": {
            "value": 1
        },
        "rdshVMDiskType": {
            "value": "Standard_LRS"
        },
        "rdshVmSize": {
            "value": "Standard_D8s_v3"
        },
        "enableAcceleratedNetworking": {
            "value": false
        },
        "rdshUseManagedDisks": {
            "value": true
        },
        "storageAccountResourceGroupName": {
            "value": ""
        },
        "domainToJoin": {
            "value": "silabs01.onmicrosoft.com"
        },
        "existingDomainUPN": {
            "value": "local-admin@silabs01.onmicrosoft.com"
        },
        "existingDomainPassword": {
            "value": null
        },
        "ouPath": {
            "value": ""
        },
        "existingVnetName": {
            "value": "WVD-Lab-vnet"
        },
        "newOrExistingVnet": {
            "value": "existing"
        },
        "existingSubnetName": {
            "value": "default"
        },
        "virtualNetworkResourceGroupName": {
            "value": "WVD-Lab"
        },
        "rdBrokerURL": {
            "value": "https://rdbroker.wvd.microsoft.com"
        },
        "existingTenantGroupName": {
            "value": "Default Tenant Group"
        },
        "existingTenantName": {
            "value": "Sophie"
        },
        "hostPoolName": {
            "value": "Sophie1"
        },
        "enablePersistentDesktop": {
            "value": false
        },
        "defaultDesktopUsers": {
            "value": ""
        },
        "tenantAdminUpnOrApplicationId": {
            "value": "wvdlabadmin@silabs01.onmicrosoft.com"
        },
        "tenantAdminPassword": {
            "value": null
        },
        "isServicePrincipal": {
            "value": false
        },
        "aadTenantId": {
            "value": ""
        },
        "location": {
            "value": "westeurope"
        }
    }
}